duration,emissions,accuracy,feature_mask
148.2202555179596,0.00136707569941988,0.9520200014114379,38.9
