{"kernel": "linear", "reps": 1, "classification": {"mus": [0.05770340450086555, 0.05770340450086555, 0.05770340450086555, 0.05770340450086555, 0.05770340450086555], "n_features": [10, 50, 100, 150, 200], "accuracy": [[0.6416015625, 0.662109375, 0.6611328125, 0.64013671875, 0.66552734375, 0.64599609375, 0.66943359375, 0.6259765625, 0.650390625, 0.662109375], [0.72119140625, 0.75244140625, 0.75, 0.72314453125, 0.75390625, 0.72021484375, 0.7490234375, 0.7197265625, 0.73291015625, 0.7509765625], [0.78759765625, 0.80859375, 0.806640625, 0.7939453125, 0.80810546875, 0.794921875, 0.806640625, 0.7841796875, 0.80859375, 0.80322265625], [0.80908203125, 0.81982421875, 0.82958984375, 0.8125, 0.81201171875, 0.818359375, 0.82275390625, 0.802734375, 0.8271484375, 0.82275390625], [0.82666015625, 0.84423828125, 0.84326171875, 0.8310546875, 0.83447265625, 0.8330078125, 0.84033203125, 0.8271484375, 0.83642578125, 0.8466796875]], "mean_accuracy": [0.65244140625, 0.737353515625, 0.800244140625, 0.81767578125, 0.836328125], "svc_accuracy": [[63.589151759953836, 66.58972879399884, 64.74321984997115, 64.62781304096941, 67.3398730525101, 64.80092325447201, 66.99365262550491, 63.06982111944605, 65.26255049047894, 66.24350836699365], [74.0334679746105, 75.76457010963647, 75.07212925562608, 73.51413733410271, 76.399307559146, 73.74495095210618, 75.59145989613387, 73.28332371609925, 74.49509521061742, 75.24523946912868], [79.97691863819965, 81.41950375072129, 80.95787651471437, 80.03462204270052, 80.7270628967109, 80.66935949221003, 80.95787651471437, 79.05366416618581, 80.49624927870744, 79.63069821119446], [80.55395268320831, 82.34275822273514, 83.0929024812464, 82.11194460473168, 80.84246970571263, 81.13098672821697, 82.80438545874206, 80.55395268320831, 83.43912290825159, 81.01557991921523], [82.9197922677438, 81.99653779572995, 84.47778418926717, 82.97749567224466, 83.266012694749, 83.15060588574725, 83.66993652625504, 82.57357184073861, 81.70802077322563, 83.266012694749]], "mean_svc_accuracy": [65.32602423542988, 74.71436814772072, 80.39238315060588, 81.78880553952683, 83.000577034045], "model_accuracy": [[0.80810546875, 0.8251953125, 0.833984375, 0.82177734375, 0.8173828125, 0.8154296875, 0.84228515625, 0.8388671875, 0.826171875, 0.8251953125], [0.837890625, 0.86669921875, 0.8564453125, 0.85009765625, 0.85107421875, 0.84716796875, 0.85693359375, 0.84375, 0.85009765625, 0.85107421875], [0.8447265625, 0.86767578125, 0.84814453125, 0.8486328125, 0.8388671875, 0.85888671875, 0.85546875, 0.85205078125, 0.8564453125, 0.857421875], [0.8408203125, 0.8642578125, 0.85302734375, 0.85693359375, 0.8466796875, 0.849609375, 0.85546875, 0.8544921875, 0.85791015625, 0.8515625], [0.8388671875, 0.85693359375, 0.86083984375, 0.85791015625, 0.84521484375, 0.84765625, 0.86474609375, 0.84716796875, 0.85205078125, 0.85302734375]], "mean_model_accuracy": [0.825439453125, 0.851123046875, 0.85283203125, 0.853076171875, 0.85244140625], "BA": [[0.6390691862107187, 0.6566555024433396, 0.6567833980804997, 0.6341425396876149, 0.6630529487937843, 0.6402042599905144, 0.6666973083297363, 0.6202631985633057, 0.6480725061683, 0.656810043004908], [0.7225983597384533, 0.750871289028153, 0.7488522698811103, 0.7211348872653248, 0.7528829808209834, 0.7183165203860317, 0.747504702829158, 0.7178455713471141, 0.7308602846743724, 0.7500839315118863], [0.7900046895066959, 0.8082937656205869, 0.8068036482230501, 0.7927457861052049, 0.8113825784826247, 0.7939581301657848, 0.806417296819129, 0.7830010711259612, 0.8077721912252935, 0.8031279809009182], [0.8121506184286955, 0.8199729021118767, 0.8301812387758256, 0.811957442726735, 0.8154712421330861, 0.817825987327674, 0.822829904131562, 0.8023286331686676, 0.8269645302766275, 0.8230230798335225], [0.8297056268751366, 0.8448792452025813, 0.8436089484314133, 0.8310338763568927, 0.8383272582905682, 0.8328910275881547, 0.8405974058501595, 0.827099753268, 0.8362382962169537, 0.8470721224813884]], "mean_BA": [0.6481750891272722, 0.7360950797482587, 0.8003507138175248, 0.8182705578914271, 0.837145356056125], "auc": [[0.6843815446595578, 0.6966495339802721, 0.703870974618045, 0.6766538504580263, 0.7087749729554018, 0.679975140285527, 0.7132320026858083, 0.6675126430166317, 0.6957036391637758, 0.6985946134620816], [0.8000851305334846, 0.8291127773070507, 0.8246071205895988, 0.8073099017868086, 0.832646560406708, 0.797083579798884, 0.8222184031163903, 0.800701960533538, 0.8223836016477222, 0.8179672054270383], [0.8644879111977959, 0.8832472702274943, 0.8818470794498356, 0.868802390582618, 0.884803333812942, 0.8631077041134435, 0.878667007721699, 0.859216212903604, 0.8767272572247713, 0.8759878605724395], [0.8895840993749101, 0.9023403569354074, 0.9066994665686132, 0.8930792473341753, 0.899799097269961, 0.8887954096124229, 0.8977607605527224, 0.8863986986618919, 0.9035813442897263, 0.8990197332310168], [0.90525264717324, 0.9211290253819551, 0.9198893702738564, 0.911102540327093, 0.9165747416774579, 0.9096037633291234, 0.9160418431892909, 0.9065555839768082, 0.9136597869471844, 0.9181441277251097]], "mean_auc": [0.6925348915285128, 0.8154116241147223, 0.8736894027806642, 0.8967058213830846, 0.9137953430001119], "svc_BA": [[0.6348912620634894, 0.6655815521201366, 0.646802209397132, 0.6456478180471402, 0.673094754680181, 0.6472538408658535, 0.668665702120403, 0.6303050044497024, 0.6517748184148402, 0.6620990604999654], [0.7399142299883296, 0.7573846407997741, 0.7505162454104117, 0.7344779992859161, 0.7640525331329635, 0.7368060995560956, 0.755836570691649, 0.7324396625686773, 0.7446090656690807, 0.7521609033695171], [0.7993750432980022, 0.8139111818089773, 0.8094867921109707, 0.7996334990647631, 0.8072552796917716, 0.8060695805556, 0.8094288394003826, 0.7900046895066959, 0.8044828753070827, 0.7960857273797914], [0.8052242703287451, 0.8233008531704795, 0.831239042274837, 0.8205864014963788, 0.8084676237523514, 0.8109382743681156, 0.8280536415618189, 0.8051276824777648, 0.8339295135169702, 0.810189551992241], [0.8285319179549487, 0.8200115372522688, 0.8441644951053273, 0.8292926305468071, 0.832381443408845, 0.8312270520588533, 0.8364894246295023, 0.8252619196069341, 0.8160341161612125, 0.8327098421021779]], "svc_mean_BA": [0.6526116022658843, 0.7468197950472414, 0.8035733508124038, 0.8177056854939704, 0.8296104378826877], "svc_auc": [[0.6948816432457782, 0.705080654186184, 0.7147587568544068, 0.6858716620570946, 0.7213607029996856, 0.6923783525976137, 0.7217703687124639, 0.6806878920134504, 0.7029517247259569, 0.7087643149856384], [0.808613504713487, 0.8333346655795536, 0.8283893676093641, 0.8166029852973307, 0.8347681625127229, 0.8104306885581366, 0.8221771034835574, 0.8097179368302132, 0.8314828433331735, 0.8232468971985527], [0.8661785316515058, 0.882406622862411, 0.8816272588234668, 0.8742173053455047, 0.881152979168998, 0.8670658076343037, 0.8768018630131147, 0.8617035165971235, 0.8793198083697036, 0.8687244541787235], [0.8840905820850188, 0.8994527132526524, 0.9002227515680538, 0.8936094813299014, 0.8973824026261238, 0.8879607573553314, 0.8948031739433956, 0.8859344108540763, 0.9068280283288837, 0.8902801980250782], [0.9014444213521767, 0.9038717739657772, 0.9201877934272301, 0.9050561408557285, 0.9130256377462658, 0.8945780243321451, 0.9092660389122476, 0.9036146504452366, 0.9063017910718187, 0.9095724555429436]], "svc_mean_auc": [0.7028506072378272, 0.8218764155116091, 0.8739198147644857, 0.8940564499368515, 0.9066918727651568],