{"kernel": "linear", "reps": 1, "classification": {"mus": [0.05770340450086555, 0.05770340450086555, 0.05770340450086555, 0.05770340450086555, 0.05770340450086555], "n_features": [10, 50, 100, 150, 200], "accuracy": [[0.63818359375, 0.66259765625, 0.6611328125, 0.64013671875, 0.66552734375, 0.646484375, 0.66943359375, 0.6259765625, 0.64990234375, 0.662109375], [0.72119140625, 0.75244140625, 0.75, 0.7236328125, 0.75439453125, 0.72021484375, 0.7490234375, 0.7197265625, 0.73291015625, 0.75048828125], [0.7880859375, 0.806640625, 0.806640625, 0.79296875, 0.8076171875, 0.794921875, 0.8076171875, 0.7841796875, 0.80859375, 0.80322265625], [0.806640625, 0.82080078125, 0.82958984375, 0.8125, 0.81201171875, 0.8193359375, 0.82275390625, 0.8046875, 0.82763671875, 0.82275390625], [0.82666015625, 0.84375, 0.84423828125, 0.8310546875, 0.83447265625, 0.830078125, 0.8427734375, 0.8271484375, 0.8359375, 0.84814453125]], "mean_accuracy": [0.6521484375, 0.73740234375, 0.800048828125, 0.81787109375, 0.83642578125], "svc_accuracy": [[63.589151759953836, 66.47432198499712, 64.62781304096941, 64.57010963646856, 67.28216964800923, 64.9740334679746, 67.22446624350837, 62.89671090594345, 65.08944027697635, 66.30121177149452], [74.32198499711482, 75.24523946912868, 74.84131563762261, 73.39873052510099, 76.63012117714945, 74.14887478361223, 75.3606462781304, 73.34102712060012, 74.43739180611657, 75.30294287362955], [80.15002885170225, 82.22735141373342, 80.84246970571263, 80.43854587420658, 81.2463935372187, 80.55395268320831, 80.84246970571263, 78.82285054818234, 80.9001731102135, 79.5729948066936], [80.49624927870744, 82.28505481823427, 83.43912290825159, 81.65031736872476, 81.36180034622042, 82.11194460473168, 80.38084246970571, 80.38084246970571, 82.9197922677438, 80.78476630121177], [83.03519907674553, 82.51586843623774, 84.01615695326024, 84.01615695326024, 82.40046162723601, 83.38141950375072, 83.84304673975764, 82.28505481823427, 83.32371609924985, 83.78534333525678]], "mean_svc_accuracy": [65.30294287362956, 74.70282746682055, 80.55972302365839, 81.58107328332372, 83.26024235429891], "model_accuracy": [[0.822265625, 0.82958984375, 0.83349609375, 0.82763671875, 0.8369140625, 0.8203125, 0.8427734375, 0.826171875, 0.82958984375, 0.81298828125], [0.84423828125, 0.85546875, 0.8623046875, 0.8505859375, 0.84423828125, 0.85302734375, 0.85302734375, 0.85205078125, 0.8544921875, 0.85888671875], [0.84033203125, 0.8701171875, 0.857421875, 0.8564453125, 0.8486328125, 0.8271484375, 0.85791015625, 0.8447265625, 0.8564453125, 0.85302734375], [0.8466796875, 0.85498046875, 0.8544921875, 0.85400390625, 0.84814453125, 0.853515625, 0.85107421875, 0.85107421875, 0.8359375, 0.86083984375], [0.8447265625, 0.8603515625, 0.8564453125, 0.85498046875, 0.8515625, 0.8466796875, 0.85205078125, 0.84765625, 0.84765625, 0.8505859375]], "mean_model_accuracy": [0.828173828125, 0.85283203125, 0.851220703125, 0.85107421875, 0.85126953125], "BA": [[0.6350771104112378, 0.6572230393332374, 0.6567833980804997, 0.6341425396876149, 0.6630529487937843, 0.6407911144506082, 0.6666973083297363, 0.6202631985633057, 0.6469181148183083, 0.656810043004908], [0.7225983597384533, 0.750871289028153, 0.7488522698811103, 0.7217217417254187, 0.7540180546007791, 0.7183165203860317, 0.747504702829158, 0.7178455713471141, 0.7308409671041763, 0.7494970770517924], [0.7905915439667898, 0.8065718373806974, 0.8068036482230501, 0.792158931645111, 0.810795724022531, 0.7939581301657848, 0.8069848337090268, 0.7830010711259612, 0.8077721912252935, 0.8031279809009182], [0.8098611532989082, 0.8211079758916724, 0.8301812387758256, 0.811957442726735, 0.8154712421330861, 0.8189610611074696, 0.822829904131562, 0.8040698789787533, 0.8275320671665254, 0.8230423974037185], [0.8297056268751366, 0.8442730731722914, 0.8447247046410129, 0.8310338763568927, 0.8383272582905682, 0.8299760728578813, 0.842867553409751, 0.827099753268, 0.8356514417568597, 0.8488326858616702]], "mean_BA": [0.647775881547324, 0.7362066553692187, 0.8001765892365164, 0.8185014361614256, 0.8372492046490064], "auc": [[0.684382210782668, 0.6966055698549983, 0.7038856293264696, 0.6766511859655854, 0.7088136080957939, 0.6798978700047429, 0.7132233430853757, 0.6675266316019461, 0.6954251997037084, 0.6985886183540898], [0.8000691435788397, 0.8291087805683895, 0.8246177785593622, 0.8074138169920013, 0.8327418160114679, 0.797067592844239, 0.822220401485721, 0.8007166152419625, 0.8227679546823126, 0.8179612103190462], [0.8644319568565384, 0.8835536868581901, 0.8818410843418437, 0.8687930648590749, 0.8847933419662888, 0.8631196943294273, 0.878686325291895, 0.8592601770288778, 0.8766892882074895, 0.8759665446329129], [0.8892630280357895, 0.9023230377345419, 0.9067094584152665, 0.8930739183492935, 0.899735149451381, 0.888862688046554, 0.8977201270429996, 0.885572706005233, 0.9035573638577588, 0.8990963373886909], [0.9053139304993792, 0.9210697404251464, 0.9203463307274597, 0.9111311836208319, 0.9165727433081272, 0.9096570531779401, 0.9159459214614208, 0.9065349341603918, 0.9137030849493479, 0.9182993344097883]], "mean_auc": [0.6924999866775378, 0.8154685110283342, 0.8737135164372537, 0.8965913814327509, 0.9138574256739833], "svc_BA": [[0.6348912620634894, 0.664446478340341, 0.6456285004769442, 0.6450609635870463, 0.6725272177902831, 0.6489757691057431, 0.6711869780925431, 0.6284864883588326, 0.6500142550345585, 0.6626665973898632], [0.7427712320080149, 0.7522381736503014, 0.7482074627104283, 0.7332849727955322, 0.7663033631223588, 0.7407402226449884, 0.7535471055618614, 0.7330265170287712, 0.744060846349379, 0.752728440259415], [0.8009617485465195, 0.8219146509781352, 0.808313083190783, 0.8036448924344402, 0.8124210644114402, 0.804837918924824, 0.8084483061821554, 0.7876572716663203, 0.8085329038171518, 0.7955954607706778], [0.8046180982984551, 0.8227333162805817, 0.8345476757632438, 0.8159688360964119, 0.8138265841739807, 0.8207216244877513, 0.8038114232119924, 0.8034057542378752, 0.8287250936569093, 0.8078807692922576], [0.8296863093049405, 0.8251193692613494, 0.8400878216708498, 0.8397207878371249, 0.8237911197795932, 0.8335551523290328, 0.838211352869392, 0.8222890121660724, 0.832659216745802, 0.8379142619622388]], "svc_mean_BA": [0.6523884510239644, 0.7466908336131051, 0.8052327300922446, 0.815623917549946, 0.8323034403926396], "svc_auc": [[0.6948989624466435, 0.7051352762812212, 0.7145309427507154, 0.6859782417547281, 0.7214006703862981, 0.6915417019711915, 0.722207345472761, 0.6798885442811998, 0.7028904413998178, 0.7085005302339957], [0.8088373220785171, 0.8333599782577418, 0.8278737883220626, 0.8144673946060014, 0.8315561168752964, 0.8082071696162598, 0.8225567936563764, 0.8101962132233431, 0.8324047577177025, 0.8223915951250447], [0.867024508001471, 0.8804722013503647, 0.8827996354974342, 0.8736231235311984, 0.8867417520636494, 0.866578205517631, 0.8749074088876809, 0.8622790469643438, 0.881121005259708, 0.8717766302697], [0.8862341662536701, 0.8991729415463648, 0.9044153304237076, 0.8928394430145002, 0.8919721507250085, 0.8869615726900182, 0.8859677170095868, 0.8857492286294384, 0.9054318342898862, 0.8854641279382691], [0.9016935513953948, 0.9087264791929786, 0.9188515504681514, 0.9093712863636606, 0.9034894193005174, 0.8964378400558477, 0.9096603837934911, 0.9054451567520903, 0.9133560348089292, 0.9014950467085524]], "svc_mean_auc": [0.7026972656978572, 0.8211851129478346, 0.8747323517343182, 0.892420851252045, 0.9068526748839613],